{
  "rf_multi": {
    "macro_f1": 0.9775495693507016,
    "report": {
      "Benign": {
        "precision": 0.9991056650114796,
        "recall": 0.9979733603551952,
        "f1-score": 0.9985391916860663,
        "support": 75001.0
      },
      "Bot": {
        "precision": 0.7830985915492957,
        "recall": 0.952054794520548,
        "f1-score": 0.8593508500772797,
        "support": 292.0
      },
      "BruteForce": {
        "precision": 1.0,
        "recall": 0.9992716678805535,
        "f1-score": 0.9996357012750455,
        "support": 1373.0
      },
      "DDoS": {
        "precision": 0.9999479139538517,
        "recall": 0.9997916883657952,
        "f1-score": 0.9998697950574204,
        "support": 19202.0
      },
      "DoS": {
        "precision": 0.9983494945327006,
        "recall": 0.9990365425641732,
        "f1-score": 0.9986929003852504,
        "support": 29062.0
      },
      "PortScan": {
        "precision": 0.9975012861027412,
        "recall": 0.9977212584533961,
        "f1-score": 0.9976112601521444,
        "support": 13604.0
      },
      "WebAttack": {
        "precision": 0.9845679012345679,
        "recall": 0.9937694704049844,
        "f1-score": 0.9891472868217054,
        "support": 321.0
      },
      "accuracy": 0.9983291923229268,
      "macro avg": {
        "precision": 0.9660815503406625,
        "recall": 0.9913741117920922,
        "f1-score": 0.9775495693507016,
        "support": 138855.0
      },
      "weighted avg": {
        "precision": 0.9984276793529047,
        "recall": 0.9983291923229268,
        "f1-score": 0.9983608866773839,
        "support": 138855.0
      }
    }
  },
  "rf_binary": {
    "macro_f1": 0.9988476041071381,
    "report": {
      "Benign": {
        "precision": 0.9994927787714568,
        "recall": 0.998386688177491,
        "f1-score": 0.998939427290737,
        "support": 75001.0
      },
      "Attack": {
        "precision": 0.9981075120822059,
        "recall": 0.9994048924108122,
        "f1-score": 0.9987557809235392,
        "support": 63854.0
      },
      "accuracy": 0.9988549206006265,
      "macro avg": {
        "precision": 0.9988001454268314,
        "recall": 0.9988957902941515,
        "f1-score": 0.9988476041071381,
        "support": 138855.0
      },
      "weighted avg": {
        "precision": 0.9988557486380412,
        "recall": 0.9988549206006265,
        "f1-score": 0.9988549754875535,
        "support": 138855.0
      }
    }
  },
  "xgb_multi": {
    "macro_f1": 0.9845093568914954,
    "report": {
      "Benign": {
        "precision": 0.9998664850863841,
        "recall": 0.9984933534219543,
        "f1-score": 0.9991794474946464,
        "support": 75001.0
      },
      "Bot": {
        "precision": 0.8328530259365994,
        "recall": 0.9897260273972602,
        "f1-score": 0.9045383411580594,
        "support": 292.0
      },
      "BruteForce": {
        "precision": 1.0,
        "recall": 0.9992716678805535,
        "f1-score": 0.9996357012750455,
        "support": 1373.0
      },
      "DDoS": {
        "precision": 0.9999479220914488,
        "recall": 0.9999479220914488,
        "f1-score": 0.9999479220914488,
        "support": 19202.0
      },
      "DoS": {
        "precision": 0.9990026824403329,
        "recall": 0.9995526804762233,
        "f1-score": 0.9992776057791538,
        "support": 29062.0
      },
      "PortScan": {
        "precision": 0.9972126457859606,
        "recall": 0.9993384298735666,
        "f1-score": 0.9982744061387083,
        "support": 13604.0
      },
      "WebAttack": {
        "precision": 0.9846153846153847,
        "recall": 0.9968847352024922,
        "f1-score": 0.9907120743034056,
        "support": 321.0
      },
      "accuracy": 0.9989845522307443,
      "macro avg": {
        "precision": 0.97335687799373,
        "recall": 0.9976021166204998,
        "f1-score": 0.9845093568914954,
        "support": 138855.0
      },
      "weighted avg": {
        "precision": 0.9990517997936845,
        "recall": 0.9989845522307443,
        "f1-score": 0.9990035082001435,
        "support": 138855.0
      }
    }
  },
  "xgb_binary": {
    "macro_f1": 0.9990940513835534,
    "report": {
      "Benign": {
        "precision": 0.9998664815210425,
        "recall": 0.9984666871108385,
        "f1-score": 0.9991660940512486,
        "support": 75001.0
      },
      "Attack": {
        "precision": 0.9982019731390422,
        "recall": 0.9998433927396874,
        "f1-score": 0.9990220087158583,
        "support": 63854.0
      },
      "accuracy": 0.9990997803464046,
      "macro avg": {
        "precision": 0.9990342273300423,
        "recall": 0.9991550399252629,
        "f1-score": 0.9990940513835534,
        "support": 138855.0
      },
      "weighted avg": {
        "precision": 0.9991010390218581,
        "recall": 0.9990997803464046,
        "f1-score": 0.9990998348239539,
        "support": 138855.0
      }
    }
  },
  "mlp_multi": {
    "macro_f1": 0.8295688769854094,
    "report": {
      "Benign": {
        "precision": 0.999193110835965,
        "recall": 0.9576272316369115,
        "f1-score": 0.9779687095763947,
        "support": 75001.0
      },
      "Bot": {
        "precision": 0.23634881825590873,
        "recall": 0.9931506849315068,
        "f1-score": 0.3818301514154049,
        "support": 292.0
      },
      "BruteForce": {
        "precision": 0.9390329362298528,
        "recall": 0.9759650400582666,
        "f1-score": 0.9571428571428572,
        "support": 1373.0
      },
      "DDoS": {
        "precision": 0.9986458333333333,
        "recall": 0.9985418185605666,
        "f1-score": 0.998593823238373,
        "support": 19202.0
      },
      "DoS": {
        "precision": 0.9807620660457239,
        "recall": 0.9963870346156493,
        "f1-score": 0.9885128100090463,
        "support": 29062.0
      },
      "PortScan": {
        "precision": 0.9210883430587596,
        "recall": 0.9978682740370479,
        "f1-score": 0.9579422764801355,
        "support": 13604.0
      },
      "WebAttack": {
        "precision": 0.37456242707117854,
        "recall": 1.0,
        "f1-score": 0.5449915110356537,
        "support": 321.0
      },
      "accuracy": 0.9756940693529221,
      "macro avg": {
        "precision": 0.7785190764043888,
        "recall": 0.9885057262628498,
        "f1-score": 0.8295688769854094,
        "support": 138855.0
      },
      "weighted avg": {
        "precision": 0.9839646638243579,
        "recall": 0.9756940693529221,
        "f1-score": 0.9786052329163082,
        "support": 138855.0
      }
    }
  },
  "cnn1d_multi": {
    "macro_f1": 0.8399707164249843,
    "report": {
      "Benign": {
        "precision": 0.9909824460115194,
        "recall": 0.9612005173264356,
        "f1-score": 0.9758643094999594,
        "support": 75001.0
      },
      "Bot": {
        "precision": 0.24285714285714285,
        "recall": 0.9897260273972602,
        "f1-score": 0.3900134952766532,
        "support": 292.0
      },
      "BruteForce": {
        "precision": 0.9888724035608308,
        "recall": 0.9708667152221413,
        "f1-score": 0.9797868430723998,
        "support": 1373.0
      },
      "DDoS": {
        "precision": 0.9874369271959633,
        "recall": 0.9987501301947713,
        "f1-score": 0.9930613090306545,
        "support": 19202.0
      },
      "DoS": {
        "precision": 0.9925990574271252,
        "recall": 0.9783566168880324,
        "f1-score": 0.9854263780823816,
        "support": 29062.0
      },
      "PortScan": {
        "precision": 0.9207618789398766,
        "recall": 0.9985298441634813,
        "f1-score": 0.9580703177345982,
        "support": 13604.0
      },
      "WebAttack": {
        "precision": 0.4266666666666667,
        "recall": 0.9968847352024922,
        "f1-score": 0.5975723622782446,
        "support": 321.0
      },
      "accuracy": 0.9738792265312737,